Post Name,Post URL,Meta Description,Posts with Issues
How it works,https://solomondesigns.co.uk#tab-paymonthly,Get a Professional WorPress Website or E-shop starting £30/month.,0
How it works,https://solomondesigns.co.uk#tab-paymonthly,Get a Professional WorPress Website or E-shop starting £30/month.,0
How it works,https://solomondesigns.co.uk#tab-paymonthly,Get a Professional WorPress Website or E-shop starting £30/month.,0
No headline,https://solomondesigns.co.uk/shop/,No description,1
How Google Uses PageSpeed Insights,https://solomondesigns.co.uk/2024/06/13/what-is-google-page-speed-insights-tool/,I specialize in Google Page Speed Insights Optimization. I can increase your Google page Speed insights score over 90% starting at £300 for 1 Website.,1
Technical SEO best practices,https://ahrefs.com/blog/seo-checklist/#technical-seo-checklist,Technical SEO is the practice of increasing online visibility in search engine results pages.,1
WHAT PEOPLE SAY ABOUT SOLOMON DESIGNS TECHNICAL SEO SERVICES,https://solomondesigns.co.uk#services,I can provide you with a FREE Web Site Development quote and do the job in very competitive prices. Contact NOW!,1
What is a B2B Website?,https://solomondesigns.co.uk/the-average-cost-of-website-design-for-small-to-medium-businesses/,The Solomon Designs B2B (Business to Business) website team focuses on building websites.,1
Our WordPress Website Design Work & Case Studies,https://solomondesigns.co.uk/shop/,"As smartphone and tablet adoption rapidly increases, so does the importance of mobile-friendly websites.",1
What is the average cost of website design for a small business?,https://solomondesigns.co.uk/2019/06/05/what-kind-of-website-can-i-build-with-wordpress/,There are several different types of websites that could be broken down into eight different categories.,1
Key features,https://solomondesigns.co.uk/2021/11/08/what-to-look-for-in-a-friendly-content-management-system/,"Joomla! is a free and open-source, award-winning content management system (CMS) for publishing web content.",1
Squarespace Website,https://solomondesigns.co.uk/the-average-cost-of-website-design-for-small-to-medium-businesses/,Squarespace is an American SaaS-based website building and hosting company. It provides software as a service for website building and hosting.,1
Why Choose Shopify?,https://solomondesigns.co.uk/work/,Several platforms exist to make it easier than ever to launch an e-commerce store.,1
