Post Name,Post URL,Not Found,Posts with Issues
Professional WorPress Website or Online Store on a Monthly Subscription - Solomon Designs,https://solomondesigns.co.uk,Page Found,0
Professional WorPress Website or Online Store on a Monthly Subscription - Solomon Designs,https://solomondesigns.co.uk#content,Page Found,0
Professional WorPress Website or Online Store on a Monthly Subscription - Solomon Designs,https://solomondesigns.co.uk/,Page Found,0
Cart - Solomon Designs,https://solomondesigns.co.uk/cart-page/,Page Found,0
Google Page Speed Insights Optimization starting Â£300 for a Website,https://solomondesigns.co.uk/google-pagespeed-insights-optimization/,Page Found,0
Technical SEO - Solomon Designs,https://solomondesigns.co.uk/technical-seo/,Page Found,0
Solomon Designs Top Rated Wordpress Web Development,https://solomondesigns.co.uk/solomon-designs-services/,Page Found,0
B2B Website Design - Solomon Designs,https://solomondesigns.co.uk/b2b-website-design/,Page Found,0
Design Services - Solomon Designs,https://solomondesigns.co.uk/design-services/,Page Found,0
Website designers prices - Solomon Designs,https://solomondesigns.co.uk/the-average-cost-of-website-design-for-small-to-medium-businesses/,Page Found,0
Joomla is a free and open-source content management system -,https://solomondesigns.co.uk/joomla/,Page Found,0
Squarespace Web Development - Solomon Designs,https://solomondesigns.co.uk/squarespace-web-development/,Page Found,0
Shopify-An e-commerce platform. - Solomon Designs,https://solomondesigns.co.uk/shopify/,Page Found,0
Website Maintenance - Solomon Designs,https://solomondesigns.co.uk/website-maintenance/,Page Found,0
WordPress SEO Agency - Solomon Designs,https://solomondesigns.co.uk/wordpress-seo-agency/,Page Found,0
WordPress SEO Scotland at Affordable Prices,https://solomondesigns.co.uk/wordpress-seo-scotland/,Page Found,0
WordPress SEO Package at Affordable Prices,https://solomondesigns.co.uk/wordpress-seo-package/,Page Found,0
,,Total Pages with Issues:,0
